queuename	states
msg-hmio1	adu
msg-hmio1	aDu
msg-hmio2	aDdu
msg-hmio2	adu
msg-hmio3	adu
msg-hmio3	aDu
msg-id10	adu
msg-id10	aDu
msg-id11	adu
msg-id11	aDu
msg-id12	adu
msg-id12	aDu
msg-id13	adu
msg-id13	aDu
msg-id14	adu
msg-id14	aDu
msg-id15	adu
msg-id15	aDu
msg-id16	adu
msg-id16	aDu
msg-id17	adu
msg-id17	aDu
msg-id18	aDdu
msg-id18	adu
msg-id19	adu
msg-id19	aDu
msg-id1	aDdu
msg-id1	adu
msg-id20	adu
msg-id20	aDu
msg-id21	adu
msg-id21	aDu
msg-id22	adu
msg-id22	aDu
msg-id23	adu
msg-id23	aDu
msg-id24	adu
msg-id24	aDu
msg-id25	d
msg-id26	adu
msg-id26	aDu
msg-id27	adu
msg-id27	aDu
msg-id28	adu
msg-id28	aDu
msg-id29	aDdu
msg-id29	adu
msg-id2	adu
msg-id2	aDu
msg-id30	d
msg-id31	d
msg-id32	aDdu
msg-id32	adu
msg-id33	adu
msg-id33	aDu
msg-id34	d
msg-id35	aDdu
msg-id35	adu
msg-id36	adu
msg-id36	aDu
msg-id37	adu
msg-id37	aDu
msg-id38	adu
msg-id38	aDu
msg-id39	adu
msg-id39	aDu
msg-id3	adu
msg-id3	aDu
msg-id40	adu
msg-id40	aDu
msg-id4	adu
msg-id4	aDu
msg-id5	aDdu
msg-id5	adu
msg-id6	aDdu
msg-id6	adu
msg-id7	adu
msg-id7	aDu
msg-id8	aDdu
msg-id8	adu
msg-id9	adu
msg-id9	aDu
msg-ihgpu1	aDdu
msg-ihgpu1	adu
msg-ihgpu1	Ddu
msg-ihgpu2	aDdu
msg-ihgpu2	adu
msg-ihgpu2	Du
msg-ihgpu3	aDdu
msg-ihgpu3	adu
msg-ihgpu3	Du
msg-ihgpu4	aDdu
msg-ihgpu4	adu
msg-ihgpu4	Ddu
msg-ihgpu5	aDdu
msg-ihgpu5	adu
msg-ihgpu5	Du
msg-iogpu11	d
msg-iogpu11	Dd
msg-iogpu11	DdE
msg-iogpu11	Dds
msg-iogpu12	d
msg-iogpu12	Dd
msg-iogpu12	Dds
msg-iogpu13	d
msg-iogpu13	Dd
msg-iogpu13	Dds
msg-iogpu1	d
msg-iogpu1	Dd
msg-iogpu2	aDdu
msg-iogpu2	adu
msg-iogpu2	Ddu
msg-iogpu3	aDdu
msg-iogpu3	adu
msg-iogpu3	Du
msg-iogpu4	aDdu
msg-iogpu4	adu
msg-iogpu4	Du
msg-iogpu5	aDdu
msg-iogpu5	adu
msg-iogpu5	Du
msg-iogpu6	aDdu
msg-iogpu6	adu
msg-iogpu6	Ddu
msg-iogpu7	aDdu
msg-iogpu7	adu
msg-iogpu7	Du
msg-iogpu8	aDdu
msg-iogpu8	adu
msg-iogpu8	Du
msg-iogpu9	aDdu
msg-iogpu9	adu
msg-iogpu9	Du
qb3-as10	aDduE
qb3-as10	aDdus
qb3-as10	adu
qb3-as11	aDdu
qb3-as11	aDdus
qb3-as11	adu
qb3-as12	aDduE
qb3-as12	aDduEs
qb3-as12	aduE
qb3-as13	aDdu
qb3-as13	aDdus
qb3-as13	adu
qb3-as14	adu
qb3-as14	aDuE
qb3-as14	aDus
qb3-as15	aduE
qb3-as15	aDuE
qb3-as15	aDuEs
qb3-as16	adu
qb3-as16	aDuE
qb3-as16	aDus
qb3-as17	aDdu
qb3-as17	aDdus
qb3-as17	adu
qb3-as18	adu
qb3-as18	aDu
qb3-as18	aDus
qb3-as19	aduE
qb3-as19	aDuE
qb3-as19	aDuEs
qb3-as1	adu
qb3-as1	aDu
qb3-as1	aDuE
qb3-as2	aDdu
qb3-as2	aDduE
qb3-as2	adu
qb3-as3	aDdu
qb3-as3	adu
qb3-as4	aDduE
qb3-as4	aduE
qb3-as5	aDdu
qb3-as5	adu
qb3-as6	adu
qb3-as6	aDu
qb3-as7	aDduE
qb3-as7	aDdus
qb3-as7	adu
qb3-as8	adu
qb3-as8	aDu
qb3-as8	aDus
qb3-as9	aDdu
qb3-as9	aDduE
qb3-as9	aDdus
qb3-as9	adu
qb3-atgpu10	aDdu
qb3-atgpu10	aDdus
qb3-atgpu10	adu
qb3-atgpu10	Ddu
qb3-atgpu11	aDdu
qb3-atgpu11	aDdus
qb3-atgpu11	adu
qb3-atgpu11	Ddu
qb3-atgpu12	aDdu
qb3-atgpu12	aDdus
qb3-atgpu12	adu
qb3-atgpu12	Du
qb3-atgpu13	aDdu
qb3-atgpu13	aDdus
qb3-atgpu13	adu
qb3-atgpu13	DduE
qb3-atgpu14	aDdu
qb3-atgpu14	aDduE
qb3-atgpu14	aDdus
qb3-atgpu14	adu
qb3-atgpu14	Ddu
qb3-atgpu15	aDdu
qb3-atgpu15	aDdus
qb3-atgpu15	adu
qb3-atgpu15	Du
qb3-atgpu16	aDdu
qb3-atgpu16	adu
qb3-atgpu16	adus
qb3-atgpu16	Ddu
qb3-atgpu17	aDdu
qb3-atgpu17	aDdus
qb3-atgpu17	adu
qb3-atgpu17	DuE
qb3-atgpu18	aDdu
qb3-atgpu18	adu
qb3-atgpu18	DuEs
qb3-atgpu19	aDdu
qb3-atgpu19	adu
qb3-atgpu19	DduE
qb3-atgpu1	aDdu
qb3-atgpu1	aDdus
qb3-atgpu1	adu
qb3-atgpu1	Ddu
qb3-atgpu21	aDdu
qb3-atgpu21	adu
qb3-atgpu21	Ddu
qb3-atgpu23	aDdu
qb3-atgpu23	adu
qb3-atgpu23	Du
qb3-atgpu24	aDdu
qb3-atgpu24	aDdus
qb3-atgpu24	adu
qb3-atgpu24	Ddu
qb3-atgpu25	aDdu
qb3-atgpu25	aDdus
qb3-atgpu25	adu
qb3-atgpu25	DduE
qb3-atgpu29	aDdu
qb3-atgpu29	adu
qb3-atgpu29	Dus
qb3-atgpu2	aDdu
qb3-atgpu2	aDdus
qb3-atgpu2	adu
qb3-atgpu2	Du
qb3-atgpu31	d
qb3-atgpu31	Dd
qb3-atgpu32	aDdu
qb3-atgpu32	adu
qb3-atgpu32	Du
qb3-atgpu33	aDdu
qb3-atgpu33	adu
qb3-atgpu33	Du
qb3-atgpu34	aDdu
qb3-atgpu34	adu
qb3-atgpu34	Du
qb3-atgpu35	d
qb3-atgpu35	Dd
qb3-atgpu36	aDdu
qb3-atgpu36	adu
qb3-atgpu36	Ddu
qb3-atgpu3	aDdu
qb3-atgpu3	aDdus
qb3-atgpu3	adu
qb3-atgpu3	Du
qb3-atgpu4	aDdu
qb3-atgpu4	aDdus
qb3-atgpu4	adu
qb3-atgpu4	Ddu
qb3-atgpu5	aDdu
qb3-atgpu5	aDdus
qb3-atgpu5	adu
qb3-atgpu5	DduE
qb3-atgpu6	aDdu
qb3-atgpu6	aDdus
qb3-atgpu6	adu
qb3-atgpu6	Du
qb3-atgpu7	d
qb3-atgpu7	Dd
qb3-atgpu7	Dds
qb3-atgpu8	d
qb3-atgpu8	Dd
qb3-atgpu8	Dds
qb3-atgpu9	aDdu
qb3-atgpu9	aDdus
qb3-atgpu9	adu
qb3-atgpu9	Ddu
qb3-hmid1	adu
qb3-hmid1	aDu
qb3-hmid1	aDus
qb3-hmid2	aDdu
qb3-hmid2	aDdus
qb3-hmid2	adu
qb3-hmid3	adu
qb3-hmid3	aDu
qb3-hmid3	aDus
qb3-hmid4	aDdu
qb3-hmid4	aDduE
qb3-hmid4	aDdus
qb3-hmid4	adu
qb3-hmid5	adu
qb3-hmid5	aDu
qb3-hmid5	aDus
qb3-hmid6	adu
qb3-hmid6	aDu
qb3-hmid6	aDus
qb3-hmid7	adu
qb3-hmid7	aDu
qb3-hmid7	aDus
qb3-hmid8	adu
qb3-hmid8	aDu
qb3-hmid8	aDus
qb3-hmid9	adu
qb3-hmid9	aDu
qb3-hmid9	aDus
qb3-id100	adu
qb3-id100	aDu
qb3-id101	adu
qb3-id101	aDu
qb3-id102	adu
qb3-id102	aDu
qb3-id103	adu
qb3-id103	aDu
qb3-id104	adu
qb3-id104	aDu
qb3-id105	adu
qb3-id105	aDu
qb3-id106	aDdu
qb3-id106	adu
qb3-id107	adu
qb3-id107	aDu
qb3-id108	aDdu
qb3-id108	adu
qb3-id109	aDdu
qb3-id109	adu
qb3-id10	d
qb3-id10	DE
qb3-id110	adu
qb3-id110	aDu
qb3-id111	adu
qb3-id111	aDu
qb3-id112	adu
qb3-id112	aDu
qb3-id113	adu
qb3-id113	aDu
qb3-id114	adu
qb3-id114	aDu
qb3-id115	adu
qb3-id115	aDu
qb3-id11	d
qb3-id11	Dd
qb3-id120	adu
qb3-id120	aDu
qb3-id121	adu
qb3-id121	aDu
qb3-id122	adu
qb3-id122	aDu
qb3-id123	adu
qb3-id123	aDu
qb3-id124	adu
qb3-id124	aDu
qb3-id125	d
qb3-id126	d
qb3-id126	Dd
qb3-id127	adu
qb3-id127	aDu
qb3-id128	adu
qb3-id128	aDu
qb3-id129	adu
qb3-id129	aDu
qb3-id12	adu
qb3-id12	aDu
qb3-id130	adu
qb3-id130	aDu
qb3-id131	adu
qb3-id131	aDu
qb3-id132	adu
qb3-id132	aDu
qb3-id133	adu
qb3-id133	aDu
qb3-id134	adu
qb3-id134	aDu
qb3-id135	adu
qb3-id135	aDu
qb3-id136	aDduE
qb3-id136	adu
qb3-id137	aDdu
qb3-id137	aDduE
qb3-id137	adu
qb3-id138	aDdu
qb3-id138	adu
qb3-id139	adu
qb3-id139	aDu
qb3-id13	adu
qb3-id13	aDu
qb3-id140	adu
qb3-id140	aDu
qb3-id141	adu
qb3-id141	aDu
qb3-id142	adu
qb3-id142	aDu
qb3-id143	adu
qb3-id143	aDuE
qb3-id144	adu
qb3-id144	aDu
qb3-id145	adu
qb3-id145	aDu
qb3-id146	aDdu
qb3-id146	adu
qb3-id147	adu
qb3-id147	aDu
qb3-id148	adu
qb3-id148	aDu
qb3-id149	adu
qb3-id149	aDu
qb3-id14	adu
qb3-id14	aDu
qb3-id150	adu
qb3-id150	aDu
qb3-id151	adu
qb3-id151	aDu
qb3-id152	adu
qb3-id152	aDu
qb3-id153	adu
qb3-id153	aDu
qb3-id154	adu
qb3-id154	aDu
qb3-id154	aDuE
qb3-id155	adu
qb3-id155	aDu
qb3-id156	adu
qb3-id156	aDu
qb3-id156	aDuE
qb3-id157	adu
qb3-id157	aDu
qb3-id158	adu
qb3-id158	aDu
qb3-id159	adu
qb3-id159	aDu
qb3-id15	aDdu
qb3-id15	adu
qb3-id160	adu
qb3-id160	aDu
qb3-id161	adu
qb3-id161	aDu
qb3-id162	adu
qb3-id162	aDu
qb3-id163	adu
qb3-id163	aDu
qb3-id164	adu
qb3-id164	aDu
qb3-id164	aDus
qb3-id165	d
qb3-id166	adu
qb3-id166	aDu
qb3-id166	aDus
qb3-id167	adu
qb3-id167	aDu
qb3-id167	aDus
qb3-id168	d
qb3-id169	adu
qb3-id169	aDu
qb3-id169	aDus
qb3-id16	du
qb3-id16	Du
qb3-id170	adu
qb3-id170	aDu
qb3-id170	aDus
qb3-id171	adu
qb3-id171	aDu
qb3-id171	aDus
qb3-id172	adu
qb3-id172	aDu
qb3-id172	aDus
qb3-id173	adu
qb3-id173	aDu
qb3-id173	aDus
qb3-id174	adu
qb3-id174	aDu
qb3-id174	aDus
qb3-id175	adu
qb3-id175	aDu
qb3-id175	aDus
qb3-id176	d
qb3-id177	adu
qb3-id177	aDu
qb3-id177	aDus
qb3-id178	adu
qb3-id178	aDu
qb3-id179	d
qb3-id17	adu
qb3-id17	aDu
qb3-id17	aDuE
qb3-id180	d
qb3-id180	Dd
qb3-id181	adu
qb3-id181	aDu
qb3-id182	d
qb3-id183	d
qb3-id183	DE
qb3-id184	adu
qb3-id184	aDu
qb3-id185	adu
qb3-id185	aDu
qb3-id186	adu
qb3-id186	aDu
qb3-id186	aDuE
qb3-id187	adu
qb3-id187	aDu
qb3-id188	adu
qb3-id188	aDu
qb3-id189	aDdu
qb3-id189	adu
qb3-id18	du
qb3-id18	Du
qb3-id190	d
qb3-id191	adu
qb3-id191	aDu
qb3-id192	d
qb3-id193	adu
qb3-id193	aDuE
qb3-id194	adu
qb3-id194	aDu
qb3-id195	d
qb3-id195	Dd
qb3-id196	adu
qb3-id196	aDu
qb3-id197	d
qb3-id197	Dd
qb3-id198	d
qb3-id199	adu
qb3-id199	aDu
qb3-id19	adu
qb3-id19	aDu
qb3-id200	adu
qb3-id200	aDu
qb3-id201	adu
qb3-id201	aDu
qb3-id202	adu
qb3-id202	aDu
qb3-id203	d
qb3-id203	Dd
qb3-id208	d
qb3-id209	d
qb3-id209	Dd
qb3-id20	adu
qb3-id20	aDu
qb3-id20	aDuE
qb3-id210	adu
qb3-id210	aDu
qb3-id211	adu
qb3-id211	aDu
qb3-id212	d
qb3-id213	adu
qb3-id213	aDu
qb3-id214	adu
qb3-id214	aDu
qb3-id215	adu
qb3-id215	aDu
qb3-id216	d
qb3-id217	adu
qb3-id217	aDu
qb3-id217	aDuE
qb3-id218	adu
qb3-id218	aDu
qb3-id219	adu
qb3-id219	aDu
qb3-id21	adu
qb3-id21	aDu
qb3-id220	d
qb3-id221	d
qb3-id222	d
qb3-id223	aDdu
qb3-id223	adu
qb3-id224	adu
qb3-id224	aDu
qb3-id224	aDuE
qb3-id225	adu
qb3-id225	aDu
qb3-id226	d
qb3-id226	Dd
qb3-id227	dE
qb3-id227	DE
qb3-id228	adu
qb3-id228	aDu
qb3-id229	adu
qb3-id229	aDu
qb3-id22	adu
qb3-id22	aDu
qb3-id230	adu
qb3-id230	aDu
qb3-id231	adu
qb3-id231	aDu
qb3-id232	adu
qb3-id232	aDu
qb3-id233	adu
qb3-id233	aDu
qb3-id234	adu
qb3-id234	aDu
qb3-id235	adu
qb3-id235	aDu
qb3-id236	adu
qb3-id236	aDu
qb3-id237	adu
qb3-id237	aDu
qb3-id238	aDdu
qb3-id238	adu
qb3-id239	aDdu
qb3-id239	adu
qb3-id23	adu
qb3-id23	aDu
qb3-id240	adu
qb3-id240	aDu
qb3-id241	adu
qb3-id241	aDu
qb3-id242	adu
qb3-id242	aDu
qb3-id243	adu
qb3-id243	aDu
qb3-id244	adu
qb3-id244	aDu
qb3-id245	aDdu
qb3-id245	adu
qb3-id246	adu
qb3-id246	aDu
qb3-id247	adu
qb3-id247	aDu
qb3-id248	adu
qb3-id248	aDu
qb3-id249	aDdu
qb3-id249	adu
qb3-id24	d
qb3-id250	adu
qb3-id250	aDu
qb3-id251	aDdu
qb3-id251	adu
qb3-id252	adu
qb3-id252	aDu
qb3-id253	adu
qb3-id253	aDu
qb3-id254	adu
qb3-id254	aDu
qb3-id255	adu
qb3-id255	aDu
qb3-id256	aDdu
qb3-id256	adu
qb3-id257	adu
qb3-id257	aDu
qb3-id258	aDdu
qb3-id258	adu
qb3-id259	adu
qb3-id259	aDu
qb3-id25	d
qb3-id25	Dd
qb3-id260	aDu
qb3-id260	au
qb3-id261	aDdu
qb3-id261	adu
qb3-id262	adu
qb3-id262	aDu
qb3-id263	adu
qb3-id263	aDu
qb3-id264	DdE
qb3-id264	dE
qb3-id265	aDdu
qb3-id265	adu
qb3-id266	adu
qb3-id266	aDu
qb3-id267	adu
qb3-id267	aDu
qb3-id268	d
qb3-id268	Dd
qb3-id268	Dds
qb3-id269	adu
qb3-id269	aDu
qb3-id269	aDus
qb3-id26	d
qb3-id26	DE
qb3-id270	aDdu
qb3-id270	aDdus
qb3-id270	adu
qb3-id273	aDdu
qb3-id273	adu
qb3-id279	d
qb3-id27	adu
qb3-id27	aDu
qb3-id280	adu
qb3-id280	aDu
qb3-id281	d
qb3-id281	Dd
qb3-id282	d
qb3-id283	d
qb3-id284	d
qb3-id285	d
qb3-id286	d
qb3-id286	Dd
qb3-id287	d
qb3-id287	Dd
qb3-id287	DdE
qb3-id288	d
qb3-id288	DdE
qb3-id289	adu
qb3-id289	aDu
qb3-id28	adu
qb3-id28	aDu
qb3-id290	d
qb3-id291	adu
qb3-id291	aDu
qb3-id292	d
qb3-id293	d
qb3-id293	Dd
qb3-id294	d
qb3-id295	d
qb3-id296	d
qb3-id296	Dd
qb3-id297	adu
qb3-id297	aDu
qb3-id298	d
qb3-id299	d
qb3-id29	adu
qb3-id29	aDu
qb3-id2	d
qb3-id300	d
qb3-id301	dE
qb3-id301	DE
qb3-id302	d
qb3-id303	d
qb3-id304	d
qb3-id305	d
qb3-id305	Dd
qb3-id306	d
qb3-id307	d
qb3-id308	d
qb3-id309	aduE
qb3-id309	aDuE
qb3-id30	d
qb3-id30	Dd
qb3-id310	d
qb3-id311	d
qb3-id312	adu
qb3-id312	aDu
qb3-id313	d
qb3-id313	Dd
qb3-id314	d
qb3-id315	d
qb3-id317	d
qb3-id318	d
qb3-id318	DE
qb3-id31	DdE
qb3-id31	dE
qb3-id32	adu
qb3-id32	aDuE
qb3-id33	d
qb3-id343	d
qb3-id344	d
qb3-id345	d
qb3-id346	adu
qb3-id346	aDu
qb3-id34	aDdu
qb3-id34	adu
qb3-id35	adu
qb3-id35	aDu
qb3-id36	aDdu
qb3-id36	adu
qb3-id37	adu
qb3-id37	aDu
qb3-id38	aDdu
qb3-id38	adu
qb3-id39	adu
qb3-id39	aDu
qb3-id3	adu
qb3-id3	aDu
qb3-id3	aDus
qb3-id40	aDdu
qb3-id40	adu
qb3-id41	aDdu
qb3-id41	adu
qb3-id42	adu
qb3-id42	aDu
qb3-id43	adu
qb3-id43	aDu
qb3-id44	adu
qb3-id44	aDu
qb3-id45	adu
qb3-id45	aDu
qb3-id46	aDdu
qb3-id46	adu
qb3-id47	adu
qb3-id47	aDu
qb3-id48	adu
qb3-id48	aDu
qb3-id49	aduE
qb3-id49	aDuE
qb3-id4	aDdu
qb3-id4	adu
qb3-id50	aDdu
qb3-id50	adu
qb3-id51	adu
qb3-id51	aDu
qb3-id52	adu
qb3-id52	aDu
qb3-id53	aDdu
qb3-id53	adu
qb3-id54	adu
qb3-id54	aDu
qb3-id55	aDdu
qb3-id55	adu
qb3-id56	aDdu
qb3-id56	adu
qb3-id57	aDduE
qb3-id57	aduE
qb3-id58	adu
qb3-id58	aDu
qb3-id59	adu
qb3-id59	aDu
qb3-id5	aDu
qb3-id5	au
qb3-id60	adu
qb3-id60	aDu
qb3-id61	adu
qb3-id61	aDu
qb3-id62	adu
qb3-id62	aDu
qb3-id63	adu
qb3-id63	aDu
qb3-id64	adu
qb3-id64	aDu
qb3-id65	adu
qb3-id65	aDu
qb3-id66	adu
qb3-id66	aDu
qb3-id67	adu
qb3-id67	aDu
qb3-id68	aDdu
qb3-id68	adu
qb3-id69	aDdu
qb3-id69	adu
qb3-id6	adu
qb3-id6	aDu
qb3-id70	aDdu
qb3-id70	adu
qb3-id71	adu
qb3-id71	aDu
qb3-id72	d
qb3-id73	aDdu
qb3-id73	adu
qb3-id74	aDdu
qb3-id74	adu
qb3-id75	adu
qb3-id75	aDu
qb3-id76	aDdu
qb3-id76	adu
qb3-id77	d
qb3-id78	aDdu
qb3-id78	adu
qb3-id79	adu
qb3-id79	aDu
qb3-id7	adu
qb3-id7	aDuE
qb3-id80	adu
qb3-id80	aDu
qb3-id81	aDdu
qb3-id81	adu
qb3-id82	adu
qb3-id82	aDu
qb3-id83	adu
qb3-id83	aDu
qb3-id84	adu
qb3-id84	aDu
qb3-id85	adu
qb3-id85	aDu
qb3-id86	aDdu
qb3-id86	adu
qb3-id87	adu
qb3-id87	aDu
qb3-id88	adu
qb3-id88	aDu
qb3-id89	adu
qb3-id89	aDu
qb3-id8	d
qb3-id8	DE
qb3-id90	adu
qb3-id90	aDu
qb3-id91	adu
qb3-id91	aDu
qb3-id92	adu
qb3-id92	aDu
qb3-id93	adu
qb3-id93	aDu
qb3-id93	aDuE
qb3-id94	aDdu
qb3-id94	adu
qb3-id95	aDdu
qb3-id95	adu
qb3-id96	aDdu
qb3-id96	adu
qb3-id97	adu
qb3-id97	aDu
qb3-id98	aDdu
qb3-id98	adu
qb3-id9	adu
qb3-id9	aDu
qb3-idgpu10	aDdu
qb3-idgpu10	adu
qb3-idgpu10	DduE
qb3-idgpu11	d
qb3-idgpu11	Dd
qb3-idgpu12	aDdu
qb3-idgpu12	adu
qb3-idgpu12	Du
qb3-idgpu13	d
qb3-idgpu13	Dd
qb3-idgpu14	aDdu
qb3-idgpu14	adu
qb3-idgpu14	Ddu
qb3-idgpu15	aDdu
qb3-idgpu15	adu
qb3-idgpu15	Du
qb3-idgpu16	aDdu
qb3-idgpu16	adu
qb3-idgpu16	Du
qb3-idgpu17	d
qb3-idgpu17	Dd
qb3-idgpu18	d
qb3-idgpu18	Dd
qb3-idgpu3	aDdu
qb3-idgpu3	adu
qb3-idgpu3	Ddus
qb3-idgpu4	aDdu
qb3-idgpu4	adu
qb3-idgpu4	Ddus
qb3-idgpu5	aDdu
qb3-idgpu5	adu
qb3-idgpu5	Dus
qb3-idgpu6	aDdu
qb3-idgpu6	adu
qb3-idgpu6	Ddu
qb3-idgpu7	aDdu
qb3-idgpu7	aDdus
qb3-idgpu7	adu
qb3-idgpu7	Du
qb3-idgpu8	aDdu
qb3-idgpu8	aDdus
qb3-idgpu8	adu
qb3-idgpu8	DduE
qb3-idgpu9	aDdu
qb3-idgpu9	aDdus
qb3-idgpu9	adu
qb3-idgpu9	DduE
qb3-iogpu1	aDdu
qb3-iogpu1	adu
qb3-iogpu1	Du
qb3-iogpu4	d
qb3-iogpu4	Dd
qb3-iogpu5	d
qb3-iogpu5	Dd
qb3-iogpu5	Dds
